[{"model": "admin_interface.theme", "pk": 1, "fields": {"name": "Django", "active": true, "title": "Django administration", "title_color": "#F5DD5D", "title_visible": true, "logo": "", "logo_color": "#FFFFFF", "logo_max_width": 400, "logo_max_height": 100, "logo_visible": true, "favicon": "", "env_name": "", "env_color": "#E74C3C", "env_visible_in_header": true, "env_visible_in_favicon": true, "language_chooser_active": true, "language_chooser_control": "default-select", "language_chooser_display": "code", "css_header_background_color": "#0C4B33", "css_header_text_color": "#44B78B", "css_header_link_color": "#FFFFFF", "css_header_link_hover_color": "#C9F0DD", "css_module_background_color": "#44B78B", "css_module_background_selected_color": "#FFFFCC", "css_module_text_color": "#FFFFFF", "css_module_link_color": "#FFFFFF", "css_module_link_selected_color": "#FFFFFF", "css_module_link_hover_color": "#C9F0DD", "css_module_rounded_corners": true, "css_generic_link_color": "#0C3C26", "css_generic_link_hover_color": "#156641", "css_generic_link_active_color": "#29B864", "css_save_button_background_color": "#0C4B33", "css_save_button_background_hover_color": "#0C3C26", "css_save_button_text_color": "#FFFFFF", "css_delete_button_background_color": "#BA2121", "css_delete_button_background_hover_color": "#A41515", "css_delete_button_text_color": "#FFFFFF", "related_modal_active": true, "related_modal_background_color": "#000000", "related_modal_background_opacity": "0.3", "related_modal_rounded_corners": true, "related_modal_close_button_visible": true, "list_filter_highlight": true, "list_filter_dropdown": true, "list_filter_sticky": true, "list_filter_removal_links": false, "foldable_apps": true, "show_fieldsets_as_tabs": false, "show_inlines_as_tabs": false, "collapsible_stacked_inlines": false, "collapsible_stacked_inlines_collapsed": true, "collapsible_tabular_inlines": false, "collapsible_tabular_inlines_collapsed": true, "recent_actions_visible": true, "form_submit_sticky": false, "form_pagination_sticky": false}}, {"model": "sessions.session", "pk": "19ug4t1j79nt1db8qtpkdhymdbboxlpe", "fields": {"session_data": ".eJxVjDsKwzAYg-_iuRgcv-KO3XsG4_-ROm2xIU6m0LvXgQwtaJE-SbuIaVtz3BovcSZxFUpcfjNI-OJyAHqm8qgSa1mXGeRRkSdt8l6J37ez-3eQU8t9bS17doPR3jvvgp3saIZuwRjsUh4pqaA0MmNCPRkkCM5ZAOIwEovPF8HhOBk:1v7PBt:w4BLpsayF04YKayRp6F74B9j9sDWBRjfPZtG-xkmDHk", "expire_date": "2025-10-25T02:18:37.018Z"}}, {"model": "sessions.session", "pk": "5izjtx384bq7nc50cbuhcsjemabp8lwp", "fields": {"session_data": ".eJxVjDsKwzAYg-_iuRgcv-KO3XsG4_-ROm2xIU6m0LvXgQwtaJE-SbuIaVtz3BovcSZxFUpcfjNI-OJyAHqm8qgSa1mXGeRRkSdt8l6J37ez-3eQU8t9bS17doPR3jvvgp3saIZuwRjsUh4pqaA0MmNCPRkkCM5ZAOIwEovPF8HhOBk:1v7B1i:W3F0yND5CRkfjMGOUA0izy7F_yQgZkwsXzZb8Y09nDo", "expire_date": "2025-10-24T11:11:10.244Z"}}, {"model": "sessions.session", "pk": "9t73cb013tdnupgj8vuvlq90ecrd0odq", "fields": {"session_data": ".eJxVjEEOwiAQRe_C2hAYCO24dO8ZCDMMtmpKUtpV491tky50-977f1MxrcsQ1yZzHLO6Kqsuv4wSv2Q6RH6m6VE112mZR9JHok_b9L1med_O9u9gSG3Y1xQoIFgQtuhLLj1Jj4axIAXmHbEIODDOEzrrADIm02VvOjChdL36fAHx-Tev:1v7sZy:ZJTYK73NBH_-aiSHJCSXVmweVm9_qCqqpiONt_sndbE", "expire_date": "2025-10-26T09:41:26.139Z"}}, {"model": "sessions.session", "pk": "dvnez7hhnitq3cl1b60qot1l3rs2mc3n", "fields": {"session_data": ".eJxVjDsKwzAYg-_iuRgcv-KO3XsG4_-ROm2xIU6m0LvXgQwtaJE-SbuIaVtz3BovcSZxFUpcfjNI-OJyAHqm8qgSa1mXGeRRkSdt8l6J37ez-3eQU8t9bS17doPR3jvvgp3saIZuwRjsUh4pqaA0MmNCPRkkCM5ZAOIwEovPF8HhOBk:1v75nK:ilMry8jApLCPTYIQB2kTcnxqJI9KReBQ00bDKHf0wc0", "expire_date": "2025-10-24T05:35:58.300Z"}}, {"model": "sessions.session", "pk": "gvw6pcsxl0zctzl2wbsix8zdkqm4yzu1", "fields": {"session_data": ".eJxVjDsKwzAYg-_iuRgcv-KO3XsG4_-ROm2xIU6m0LvXgQwtaJE-SbuIaVtz3BovcSZxFUpcfjNI-OJyAHqm8qgSa1mXGeRRkSdt8l6J37ez-3eQU8t9bS17doPR3jvvgp3saIZuwRjsUh4pqaA0MmNCPRkkCM5ZAOIwEovPF8HhOBk:1v7PAi:ZIUOgqztH5V96L6o5Vpppm1SvCslDXyiBFgP2mqdC1M", "expire_date": "2025-10-25T02:17:24.209Z"}}, {"model": "sessions.session", "pk": "l4690sir5jl3er72ria6pg0e0l7z7x2v", "fields": {"session_data": ".eJxVjDsKwzAYg-_iuRgcv-KO3XsG4_-ROm2xIU6m0LvXgQwtaJE-SbuIaVtz3BovcSZxFUpcfjNI-OJyAHqm8qgSa1mXGeRRkSdt8l6J37ez-3eQU8t9bS17doPR3jvvgp3saIZuwRjsUh4pqaA0MmNCPRkkCM5ZAOIwEovPF8HhOBk:1v7QQ9:bgvMJ5PeRIEw3ceNkNS4iNoBR4Jnffl3BUCYuiUXvEY", "expire_date": "2025-10-25T03:37:25.262Z"}}, {"model": "sessions.session", "pk": "o74qvs63ic5x4190hwzya4cun9do8lih", "fields": {"session_data": ".eJxVjDsKwzAYg-_iuRgcv-KO3XsG4_-ROm2xIU6m0LvXgQwtaJE-SbuIaVtz3BovcSZxFUpcfjNI-OJyAHqm8qgSa1mXGeRRkSdt8l6J37ez-3eQU8t9bS17doPR3jvvgp3saIZuwRjsUh4pqaA0MmNCPRkkCM5ZAOIwEovPF8HhOBk:1v7Bux:OqGN1WuQODCDsENu_e1_N2qRrhFrgi0ghnz99JBtkqQ", "expire_date": "2025-10-24T12:08:15.877Z"}}, {"model": "sessions.session", "pk": "pucc4uqbaq59eg73ltxcwsq33o0arbz5", "fields": {"session_data": ".eJxVjDsKwzAYg-_iuRgcv-KO3XsG4_-ROm2xIU6m0LvXgQwtaJE-SbuIaVtz3BovcSZxFUpcfjNI-OJyAHqm8qgSa1mXGeRRkSdt8l6J37ez-3eQU8t9bS17doPR3jvvgp3saIZuwRjsUh4pqaA0MmNCPRkkCM5ZAOIwEovPF8HhOBk:1v7YDw:E2AkEzNHJ01CBWxbQnuJ17jcj8TbeUtKbyrVN2Z_QqQ", "expire_date": "2025-10-25T11:57:20.082Z"}}, {"model": "sessions.session", "pk": "t29f1tdcradamcrp5i70g9y94k58sz3t", "fields": {"session_data": ".eJxVjEEOwiAQRe_C2hCmtDK4dO8ZyAwMUjU0Ke3KeHdD0oVu_3vvv1WgfSthb7KGOamLAnX63ZjiU2oH6UH1vui41G2dWXdFH7Tp25LkdT3cv4NCrfTaAwlNBKMjA9ZFRD9G9ux8NlbQDBMbyD4KwpARMxNTOqMXAWetUZ8v59c4Bw:1vAjIV:lqCOg3pH0ukrG6Bg6CuRdPPHjrdxBFto-EzYPczg8e8", "expire_date": "2025-11-03T06:23:11.014Z"}}, {"model": "accounts.user", "pk": 1, "fields": {"password": "pbkdf2_sha256$1000000$bMeoY6L9v8NUWdiB7OLrg5$7D93rIp3GHyQi/jvOBJvKIsAcewApSNCeRccOAND+gg=", "last_login": "2025-10-20T06:23:11.009Z", "is_superuser": true, "username": "admin", "first_name": "", "last_name": "", "email": "", "is_staff": true, "is_active": true, "date_joined": "2025-10-09T05:47:51.003Z", "is_customer": false, "phone_number": "", "usertype": "student", "enc_key": "0f1e574f-4e28-4383-a402-9b6327e021ae", "photo": "", "groups": [], "user_permissions": []}}, {"model": "product.banner", "pk": 1, "fields": {"title": "alzahr", "content": "False", "image": "banner/img/Untitled_790_x_150_px_1000_x_300_px_790_x_300_px_1024_x_300_px.png", "other1": true, "other2": false, "other3": false, "other4": false, "other5": false, "other6": false}}, {"model": "product.brand", "pk": 1, "fields": {"title": "Al Zahr", "slug": "al-zahr", "image": "", "active": true, "filter_active": false}}, {"model": "product.category", "pk": 1, "fields": {"title": "Patio, Lawn & Garden", "slug": "patio-lawn-garden", "image": "categories/img/3.png", "icon_image": "categories/icon/3.png", "status": "Published", "active": true, "created_at": "2025-10-09T06:49:07.577Z", "updated_at": "2025-10-13T03:20:30.197Z", "Category1": false, "Category2": false, "Category3": false, "Category4": false, "Category5": false, "Category6": false, "Category7": false}}, {"model": "product.category", "pk": 2, "fields": {"title": "Home Fragrance", "slug": "home-fragrance", "image": "categories/img/Untitled_design_14.png", "icon_image": "categories/icon/Untitled_design_14.png", "status": "Published", "active": true, "created_at": "2025-10-09T12:22:24.043Z", "updated_at": "2025-10-13T03:26:12.967Z", "Category1": false, "Category2": false, "Category3": false, "Category4": false, "Category5": false, "Category6": false, "Category7": false}}, {"model": "product.category", "pk": 3, "fields": {"title": "Food Beverage", "slug": "food-beverage", "image": "categories/img/1.png", "icon_image": "categories/icon/1.png", "status": "Published", "active": true, "created_at": "2025-10-09T12:23:19.190Z", "updated_at": "2025-10-13T03:19:53.649Z", "Category1": false, "Category2": false, "Category3": false, "Category4": false, "Category5": false, "Category6": false, "Category7": false}}, {"model": "product.subcategory", "pk": 1, "fields": {"category": 1, "title": "Horticulture Plants & Seeds", "slug": "horticulture-plants-seeds", "image": "subcategories/img/ChatGPT_Image_Oct_6_2025_08_11_15_PM.png", "icon_image": "subcategories/icon/ChatGPT_Image_Oct_6_2025_12_23_00_PM.png", "color": null, "active": true, "is_combo": true, "created_at": "2025-10-09T06:55:23.114Z", "updated_at": "2025-10-10T11:44:38.168Z"}}, {"model": "product.subcategory", "pk": 2, "fields": {"category": 3, "title": "Herbs & Spices", "slug": "herbs-spices", "image": "subcategories/img/Untitled_design_11.png", "icon_image": "subcategories/icon/Untitled_design_11.png", "color": null, "active": true, "is_combo": true, "created_at": "2025-10-09T12:26:27.813Z", "updated_at": "2025-10-10T11:44:32.238Z"}}, {"model": "product.subcategory", "pk": 3, "fields": {"category": 2, "title": "Incense Holders Incense", "slug": "incense-holders-incense", "image": "subcategories/img/20.png", "icon_image": "subcategories/icon/20.png", "color": null, "active": true, "is_combo": true, "created_at": "2025-10-09T12:52:54.863Z", "updated_at": "2025-10-10T11:44:43.069Z"}}, {"model": "product.producttype", "pk": 1, "fields": {"Subcategory": 1, "title": "Herbs", "slug": "herbs", "active": true, "is_combo": true, "created_at": "2025-10-09T06:58:30.709Z", "updated_at": "2025-10-09T06:58:30.709Z"}}, {"model": "product.producttype", "pk": 2, "fields": {"Subcategory": 2, "title": "Powdered Spices", "slug": "powdered-spices", "active": true, "is_combo": true, "created_at": "2025-10-09T12:28:03.767Z", "updated_at": "2025-10-09T12:28:03.767Z"}}, {"model": "product.producttype", "pk": 3, "fields": {"Subcategory": 2, "title": "Whole Spices", "slug": "whole-spices", "active": true, "is_combo": false, "created_at": "2025-10-09T12:28:30.035Z", "updated_at": "2025-10-09T12:28:30.035Z"}}, {"model": "product.producttype", "pk": 4, "fields": {"Subcategory": 2, "title": "Dried", "slug": "dried", "active": true, "is_combo": false, "created_at": "2025-10-09T12:28:42.496Z", "updated_at": "2025-10-09T12:28:42.496Z"}}, {"model": "product.producttype", "pk": 5, "fields": {"Subcategory": 2, "title": "Herbs & Seasoning", "slug": "herbs-seasoning", "active": true, "is_combo": true, "created_at": "2025-10-09T12:29:15.842Z", "updated_at": "2025-10-09T12:29:15.842Z"}}, {"model": "product.producttype", "pk": 6, "fields": {"Subcategory": 3, "title": "Incense", "slug": "incense", "active": true, "is_combo": false, "created_at": "2025-10-09T12:53:11.895Z", "updated_at": "2025-10-09T12:53:11.895Z"}}, {"model": "product.producttype", "pk": 7, "fields": {"Subcategory": 2, "title": "Health", "slug": "health", "active": true, "is_combo": true, "created_at": "2025-10-12T09:47:36.564Z", "updated_at": "2025-10-12T09:47:36.564Z"}}, {"model": "product.product", "pk": 1, "fields": {"product_type": 1, "title": "Nigerian Green Frankincense", "slug": "nigerian-green-frankincense", "display_title": "Nigerian Green Frankincense – Premium Quality Aromatic Resin, Hand-Sorted, Sustainably Harvested, Natural Incense for Meditation, Energy Cleansing & Spiritual Rituals – 100g", "stock": 1, "brand": 1, "color": null, "details": "<p>Discover the rare and powerful&nbsp;<strong>AL ZAHR Nigerian Green Frankincense</strong>, a premium grade aromatic resin known for its&nbsp;<strong>pure citrusy aroma, uplifting energy, and spiritual benefits</strong>. Carefully&nbsp;<strong>hand-sorted</strong>&nbsp;and&nbsp;<strong>sustainably harvested</strong>, this elite resin is sun-cured to perfection, ensuring the highest quality for incense burning, energy cleansing, and spiritual rituals.</p>\r\n<p>Nigerian Green Frankincense is treasured worldwide for its&nbsp;<strong>bright, clean fragrance</strong>&nbsp;and ability to&nbsp;<strong>enhance meditation, prayer, and relaxation practices</strong>. It burns with a refreshing aroma that clears negative vibes, promotes&nbsp;<strong>mental clarity, peace, and positivity</strong>, and serves as an ideal component for&nbsp;<strong>luxury incense blends and aromatic resin formulas</strong>.</p>\r\n<p>Whether used for daily rituals, meditation, or simply to uplift your space with its natural fragrance,&nbsp;<strong>AL ZAHR Nigerian Green Frankincense</strong> offers a truly authentic aromatic experience.</p>", "description": "<p>Discover the rare and powerful&nbsp;<strong>AL ZAHR Nigerian Green Frankincense</strong>, a premium grade aromatic resin known for its&nbsp;<strong>pure citrusy aroma, uplifting energy, and spiritual benefits</strong>. Carefully&nbsp;<strong>hand-sorted</strong>&nbsp;and&nbsp;<strong>sustainably harvested</strong>, this elite resin is sun-cured to perfection, ensuring the highest quality for incense burning, energy cleansing, and spiritual rituals.</p>\r\n<p>Nigerian Green Frankincense is treasured worldwide for its&nbsp;<strong>bright, clean fragrance</strong>&nbsp;and ability to&nbsp;<strong>enhance meditation, prayer, and relaxation practices</strong>. It burns with a refreshing aroma that clears negative vibes, promotes&nbsp;<strong>mental clarity, peace, and positivity</strong>, and serves as an ideal component for&nbsp;<strong>luxury incense blends and aromatic resin formulas</strong>.</p>\r\n<p>Whether used for daily rituals, meditation, or simply to uplift your space with its natural fragrance,&nbsp;<strong>AL ZAHR Nigerian Green Frankincense</strong> offers a truly authentic aromatic experience.</p>", "model_number": null, "rating": 2.0, "image": "products/img/17.png", "image_png": "products/png/17.png", "created_at": "2025-10-09T07:03:32.203Z", "updated_at": "2025-10-13T03:32:05.421Z", "is_arrive": true, "is_popular": false, "is_best_seller": false, "is_offer": true, "is_active": true, "meta_title": null, "meta_description": "", "dried": false, "powder": false, "whole": false, "Slice": false, "top": false, "incense": true, "health": false, "non_salt": false, "seeds": false, "section5": false, "section6": false, "section7": false, "section8": false, "section9": false, "section10": false}}, {"model": "product.product", "pk": 2, "fields": {"product_type": 4, "title": "Mallow Leaf | Dried Molokhia", "slug": "mallow-leaf-dried-molokhia", "display_title": "Pure Raw Mallow Leaf | Dried Molokhia | Premium Hand-Sorted Herbal Plant Seeds | Sustainable, 100% Natural & Non-GMO | Ideal for Home Garden & Organic Cultivation", "stock": 1, "brand": null, "color": null, "details": "<p>Bring natural wellness and greenery into your home with&nbsp;<strong>Al Zahr Pure Raw Mallow Leaf (Dried Molokhia) &ndash; 250g</strong>. Hand-sorted and sustainably packed, these&nbsp;<strong>100% natural and non-GMO herbal plant seeds</strong>&nbsp;are perfect for organic cultivation, herbal gardens, and traditional herbal applications.</p>\r\n<p>The&nbsp;<strong>mallow leaf</strong>, also known as&nbsp;<strong>Molokhia</strong>, is treasured for its rich nutritional value, gentle flavor, and versatile uses &mdash; from herbal infusions to soil enrichment and organic gardening. Each leaf is carefully dried to preserve its&nbsp;<strong>natural aroma, color, and potency</strong>, ensuring you get a premium herbal experience every time.</p>\r\n<p>Packed in a&nbsp;<strong>durable, reusable plastic jar</strong>, this product reflects&nbsp;<strong>Al Zahr&rsquo;s commitment to purity, sustainability, and freshness</strong> &mdash; making it an essential addition for every gardener and herbal enthusiast.</p>", "description": "<p>Bring natural wellness and greenery into your home with&nbsp;<strong>Al Zahr Pure Raw Mallow Leaf (Dried Molokhia) &ndash; 250g</strong>. Hand-sorted and sustainably packed, these&nbsp;<strong>100% natural and non-GMO herbal plant seeds</strong>&nbsp;are perfect for organic cultivation, herbal gardens, and traditional herbal applications.</p>\r\n<p>The&nbsp;<strong>mallow leaf</strong>, also known as&nbsp;<strong>Molokhia</strong>, is treasured for its rich nutritional value, gentle flavor, and versatile uses &mdash; from herbal infusions to soil enrichment and organic gardening. Each leaf is carefully dried to preserve its&nbsp;<strong>natural aroma, color, and potency</strong>, ensuring you get a premium herbal experience every time.</p>\r\n<p>Packed in a&nbsp;<strong>durable, reusable plastic jar</strong>, this product reflects&nbsp;<strong>Al Zahr&rsquo;s commitment to purity, sustainability, and freshness</strong> &mdash; making it an essential addition for every gardener and herbal enthusiast.</p>", "model_number": null, "rating": 5.0, "image": "products/img/1.png", "image_png": "products/png/1_Y0zhtf2.png", "created_at": "2025-10-09T12:34:48.805Z", "updated_at": "2025-10-13T03:32:22.675Z", "is_arrive": true, "is_popular": false, "is_best_seller": false, "is_offer": false, "is_active": true, "meta_title": null, "meta_description": "", "dried": true, "powder": false, "whole": false, "Slice": false, "top": false, "incense": false, "health": false, "non_salt": false, "seeds": false, "section5": false, "section6": false, "section7": false, "section8": false, "section9": false, "section10": false}}, {"model": "product.product", "pk": 3, "fields": {"product_type": 4, "title": "Long Pepper Whole Spice", "slug": "long-pepper-whole-spice", "display_title": "Long Pepper Whole Spice | Premium Quality Whole Spice for Home Garden, Planting & Cultivation | Hand-Sorted, High Grade, 100% Pure Seeds – 100g", "stock": 1, "brand": null, "color": null, "details": "<p>Experience authentic spice cultivation with AL ZAHR Long Pepper Whole Spice &mdash; a premium-grade whole spice ideal for home gardening, planting, and herbal cultivation. Each 100g pack contains hand-sorted, 100% pure, high-quality long pepper seeds, known for their rich aroma and distinctive flavor.</p>\r\n<p>&nbsp;</p>\r\n<p>Native to tropical regions, Piper Longum&mdash;also known as Indian Long Pepper or Pippali&mdash;is a versatile spice plant valued for both culinary and medicinal purposes. Whether you&rsquo;re a home gardener or spice grower, these seeds offer a rewarding and aromatic growing experience.</p>\r\n<p>&nbsp;</p>\r\n<p>Cultivate the essence of ancient spice tradition with AL ZAHR Long Pepper Seeds&mdash;pure, potent, and perfect for your organic garden.</p>", "description": "<p>Experience authentic spice cultivation with AL ZAHR Long Pepper Whole Spice &mdash; a premium-grade whole spice ideal for home gardening, planting, and herbal cultivation. Each 100g pack contains hand-sorted, 100% pure, high-quality long pepper seeds, known for their rich aroma and distinctive flavor.</p>\r\n<p>&nbsp;</p>\r\n<p>Native to tropical regions, Piper Longum&mdash;also known as Indian Long Pepper or Pippali&mdash;is a versatile spice plant valued for both culinary and medicinal purposes. Whether you&rsquo;re a home gardener or spice grower, these seeds offer a rewarding and aromatic growing experience.</p>\r\n<p>&nbsp;</p>\r\n<p>Cultivate the essence of ancient spice tradition with AL ZAHR Long Pepper Seeds&mdash;pure, potent, and perfect for your organic garden.</p>", "model_number": null, "rating": 5.0, "image": "products/img/2.png", "image_png": "products/png/2.png", "created_at": "2025-10-09T12:37:24.519Z", "updated_at": "2025-10-11T05:34:35.224Z", "is_arrive": true, "is_popular": false, "is_best_seller": false, "is_offer": false, "is_active": true, "meta_title": null, "meta_description": "", "dried": true, "powder": false, "whole": false, "Slice": false, "top": false, "incense": false, "health": false, "non_salt": false, "seeds": false, "section5": false, "section6": false, "section7": false, "section8": false, "section9": false, "section10": false}}, {"model": "product.product", "pk": 4, "fields": {"product_type": 4, "title": "Black Rice Seeds", "slug": "black-rice-seeds", "display_title": "Premium Pure Black Rice Seeds | 100% Natural, Non-GMO, Hand-Sorted & Sun-Cured | Ideal for Home Gardening & Organic Cultivation – 100g", "stock": 1, "brand": null, "color": null, "details": "<p>Bring the richness of nature into your garden with&nbsp;<strong>AL ZAHR Premium Pure Black Rice Seeds</strong>, a premium-quality, 100% natural, and non-GMO selection perfect for organic cultivation. These seeds are hand-sorted, sun-cured, and carefully packed to maintain high germination and purity.</p>\r\n<p>Known for its distinctive dark hue and nutrient-rich grains, black rice&mdash;often called &ldquo;forbidden rice&rdquo;&mdash;is both beautiful and beneficial. Ideal for home gardeners, organic farmers, and eco-conscious growers, AL ZAHR Black Rice Seeds promise excellent growth, vibrant plants, and a rewarding harvest.</p>", "description": "<p>Bring the richness of nature into your garden with&nbsp;<strong>AL ZAHR Premium Pure Black Rice Seeds</strong>, a premium-quality, 100% natural, and non-GMO selection perfect for organic cultivation. These seeds are hand-sorted, sun-cured, and carefully packed to maintain high germination and purity.</p>\r\n<p>Known for its distinctive dark hue and nutrient-rich grains, black rice&mdash;often called &ldquo;forbidden rice&rdquo;&mdash;is both beautiful and beneficial. Ideal for home gardeners, organic farmers, and eco-conscious growers, AL ZAHR Black Rice Seeds promise excellent growth, vibrant plants, and a rewarding harvest.</p>", "model_number": null, "rating": 5.0, "image": "products/img/3.png", "image_png": "products/png/3.png", "created_at": "2025-10-09T12:38:45.916Z", "updated_at": "2025-10-09T12:38:45.916Z", "is_arrive": true, "is_popular": false, "is_best_seller": false, "is_offer": false, "is_active": true, "meta_title": null, "meta_description": "", "dried": true, "powder": false, "whole": false, "Slice": false, "top": false, "incense": false, "health": false, "non_salt": false, "seeds": false, "section5": false, "section6": false, "section7": false, "section8": false, "section9": false, "section10": false}}, {"model": "product.product", "pk": 5, "fields": {"product_type": 4, "title": "Olive Leaves", "slug": "olive-leaves", "display_title": "AL ZAHR Olive Leaves – 100% Pure, Hand-Sorted, High-Grade Dried Leaf – Natural, Aromatherapy, Herbal Tea & Craft Use – Premium Quality – 100g", "stock": 1, "brand": null, "color": null, "details": "<div class=\"OverviewTab_overviewDescriptionCtr__d5ELj\">\r\n<div class=\"OverviewDescription_overviewDescriptionWrapper__q3hFo\">\r\n<p>Discover the pure essence of nature with&nbsp;<strong>AL ZAHR Olive Leaves</strong>&nbsp;&ndash; carefully hand-sorted and dried to preserve their natural color, aroma, and beneficial properties. Sourced from premium olive trees, these high-grade leaves are 100% pure and free from additives, ensuring you get the best nature has to offer. Perfect for herbal tea blends, aromatherapy, natural d&eacute;cor, seasoning, or art and craft projects, AL ZAHR Olive Leaves bring versatility and quality to your home. Whether you&rsquo;re creating a soothing brew, enhancing your cooking, or crafting unique decorations, these leaves offer unmatched freshness and authenticity.</p>\r\n</div>\r\n</div>\r\n<div class=\"OverviewTab_highlightsCtr__ELeP2\">&nbsp;</div>", "description": "<div class=\"OverviewTab_overviewDescriptionCtr__d5ELj\">\r\n<div class=\"OverviewDescription_overviewDescriptionWrapper__q3hFo\">\r\n<p>Discover the pure essence of nature with&nbsp;<strong>AL ZAHR Olive Leaves</strong>&nbsp;&ndash; carefully hand-sorted and dried to preserve their natural color, aroma, and beneficial properties. Sourced from premium olive trees, these high-grade leaves are 100% pure and free from additives, ensuring you get the best nature has to offer. Perfect for herbal tea blends, aromatherapy, natural d&eacute;cor, seasoning, or art and craft projects, AL ZAHR Olive Leaves bring versatility and quality to your home. Whether you&rsquo;re creating a soothing brew, enhancing your cooking, or crafting unique decorations, these leaves offer unmatched freshness and authenticity.</p>\r\n</div>\r\n</div>\r\n<div class=\"OverviewTab_highlightsCtr__ELeP2\">&nbsp;</div>", "model_number": null, "rating": 5.0, "image": "products/img/4.png", "image_png": "products/png/4.png", "created_at": "2025-10-09T12:40:30.081Z", "updated_at": "2025-10-09T12:40:30.081Z", "is_arrive": true, "is_popular": false, "is_best_seller": false, "is_offer": false, "is_active": true, "meta_title": null, "meta_description": "", "dried": true, "powder": false, "whole": false, "Slice": false, "top": false, "incense": false, "health": false, "non_salt": false, "seeds": false, "section5": false, "section6": false, "section7": false, "section8": false, "section9": false, "section10": false}}, {"model": "product.product", "pk": 6, "fields": {"product_type": 4, "title": "Fragrant Rose Buds", "slug": "fragrant-rose-buds", "display_title": "Premium Fragrant Rose Buds – 100% Natural Dried Flower, Hand-Sorted & High Grade – Ideal for Potpourri, Tea, Bath, Skincare & Decoration – 100g", "stock": 1, "brand": null, "color": null, "details": "<h3 class=\"OverviewDescription_overviewDesc__S6sdv\">Experience the natural elegance and aromatic charm of our Natural Fragrant Red Rose Buds, sourced from premium organic gardens. Our rose buds are carefully handpicked to ensure they retain their vibrant red color and delicate petals, providing a luxurious floral delight for various uses. These 100% natural rose buds are free from additives and preservatives, ensuring a pure and authentic floral experience. Their rich, fragrant aroma makes them ideal for enhancing the flavor and scent of teas, creating beautiful potpourri, and crafting exquisite decorative items. Our rose buds are versatile and can be used in a variety of ways, from culinary applications to DIY crafts. Conveniently packaged for easy handling and storage, they maintain their quality and fragrance over time, ensuring a long-lasting and delightful experience.</h3>", "description": "<h3 class=\"OverviewDescription_overviewDesc__S6sdv\">Experience the natural elegance and aromatic charm of our Natural Fragrant Red Rose Buds, sourced from premium organic gardens. Our rose buds are carefully handpicked to ensure they retain their vibrant red color and delicate petals, providing a luxurious floral delight for various uses. These 100% natural rose buds are free from additives and preservatives, ensuring a pure and authentic floral experience. Their rich, fragrant aroma makes them ideal for enhancing the flavor and scent of teas, creating beautiful potpourri, and crafting exquisite decorative items. Our rose buds are versatile and can be used in a variety of ways, from culinary applications to DIY crafts. Conveniently packaged for easy handling and storage, they maintain their quality and fragrance over time, ensuring a long-lasting and delightful experience.</h3>", "model_number": null, "rating": 5.0, "image": "products/img/7.png", "image_png": "products/png/7.png", "created_at": "2025-10-09T12:43:55.519Z", "updated_at": "2025-10-09T12:43:55.519Z", "is_arrive": true, "is_popular": false, "is_best_seller": false, "is_offer": false, "is_active": true, "meta_title": null, "meta_description": "", "dried": true, "powder": false, "whole": false, "Slice": false, "top": false, "incense": false, "health": false, "non_salt": false, "seeds": false, "section5": false, "section6": false, "section7": false, "section8": false, "section9": false, "section10": false}}, {"model": "product.product", "pk": 7, "fields": {"product_type": 2, "title": "Ceylon Cinnamon Powder", "slug": "ceylon-cinnamon-powder", "display_title": "Ceylon Cinnamon Powder | 100% Pure & Natural Ground Cinnamon | Premium Quality, Hand-Sorted, High Grade Powder for Plant Growth, Organic Gardening & Compost Enrichment – 100g", "stock": 1, "brand": null, "color": null, "details": "<p>Ceylon Cinnamon Powder | 100% Pure &amp; Natural Ground Cinnamon | Premium Quality, Hand-Sorted, High Grade Powder for Plant Growth, Organic Gardening &amp; Compost Enrichment &ndash; 100g</p>", "description": "<p>Ceylon Cinnamon Powder</p>", "model_number": null, "rating": 5.0, "image": "products/img/10.png", "image_png": "products/png/10.png", "created_at": "2025-10-09T12:46:13.972Z", "updated_at": "2025-10-09T12:46:13.972Z", "is_arrive": true, "is_popular": false, "is_best_seller": false, "is_offer": false, "is_active": true, "meta_title": null, "meta_description": "", "dried": false, "powder": true, "whole": false, "Slice": false, "top": false, "incense": false, "health": false, "non_salt": false, "seeds": false, "section5": false, "section6": false, "section7": false, "section8": false, "section9": false, "section10": false}}, {"model": "product.product", "pk": 8, "fields": {"product_type": 2, "title": "Bay Leaf Powder", "slug": "bay-leaf-powder", "display_title": "AL ZAHR Bay Leaf Powder – 100% Pure, Hand-Sorted, High Grade | Aromatic Dried Leaf Powder for Cooking, Baking, Pickling & Preserving – Naturally Sourced – 100g", "stock": 1, "brand": null, "color": null, "details": "<p>Bay Leaf Powder</p>", "description": "<p>Bay Leaf Powder</p>", "model_number": null, "rating": 5.0, "image": "products/img/11.png", "image_png": "products/png/11.png", "created_at": "2025-10-09T12:48:18.044Z", "updated_at": "2025-10-09T12:48:18.044Z", "is_arrive": true, "is_popular": false, "is_best_seller": false, "is_offer": false, "is_active": true, "meta_title": null, "meta_description": "", "dried": false, "powder": true, "whole": false, "Slice": false, "top": false, "incense": false, "health": false, "non_salt": false, "seeds": false, "section5": false, "section6": false, "section7": false, "section8": false, "section9": false, "section10": false}}, {"model": "product.product", "pk": 9, "fields": {"product_type": 2, "title": "Red Sandalwood Powder", "slug": "red-sandalwood-powder", "display_title": "AL ZAHR Pure Raw Red Sandalwood Powder – 100% Natural, Sun-Cured & Hand-Sorted – Premium Herbal Powder for Face Packs, Skin Glow, Exfoliation & Beauty Rituals – 100g", "stock": 1, "brand": null, "color": null, "details": "<p>AL ZAHR Pure Raw Red Sandalwood Powder &ndash; 100% Natural, Sun-Cured &amp; Hand-Sorted &ndash; Premium Herbal Powder for Face Packs, Skin Glow, Exfoliation &amp; Beauty Rituals &ndash; 100g</p>", "description": "<p>Red Sandalwood Powder</p>", "model_number": null, "rating": 5.0, "image": "products/img/13.png", "image_png": "products/png/13.png", "created_at": "2025-10-09T12:49:58.429Z", "updated_at": "2025-10-09T12:49:58.429Z", "is_arrive": true, "is_popular": false, "is_best_seller": false, "is_offer": false, "is_active": true, "meta_title": null, "meta_description": "", "dried": false, "powder": true, "whole": false, "Slice": false, "top": false, "incense": false, "health": false, "non_salt": false, "seeds": false, "section5": false, "section6": false, "section7": false, "section8": false, "section9": false, "section10": false}}, {"model": "product.product", "pk": 10, "fields": {"product_type": 6, "title": "Aromatic Black Fasoukh", "slug": "aromatic-black-fasoukh", "display_title": "Aromatic Black Fasoukh – Premium Natural Resin | Sun-Cured, Smoky Fragrance for Incense, Rituals & Oil Infusions | 100g", "stock": 1, "brand": null, "color": null, "details": "<p>Aromatic Black Fasoukh &ndash; Premium Natural Resin | Sun-Cured, Smoky Fragrance for Incense, Rituals &amp; Oil Infusions | 100g</p>", "description": "<p>Aromatic Black Fasoukh &ndash; Premium Natural Resin | Sun-Cured, Smoky Fragrance for Incense, Rituals &amp; Oil Infusions | 100g</p>", "model_number": null, "rating": 5.0, "image": "products/img/21.png", "image_png": "products/png/21.png", "created_at": "2025-10-09T12:56:12.293Z", "updated_at": "2025-10-09T14:11:24.641Z", "is_arrive": true, "is_popular": false, "is_best_seller": false, "is_offer": false, "is_active": true, "meta_title": null, "meta_description": "", "dried": false, "powder": false, "whole": false, "Slice": false, "top": false, "incense": true, "health": false, "non_salt": false, "seeds": false, "section5": false, "section6": false, "section7": false, "section8": false, "section9": false, "section10": false}}, {"model": "product.productimage", "pk": 1, "fields": {"product": 1, "image": "products/img-detail/74.jpg", "created_at": "2025-10-09T07:03:32.209Z", "updated_at": "2025-10-09T07:03:32.209Z"}}, {"model": "product.productimage", "pk": 2, "fields": {"product": 1, "image": "products/img-detail/75.jpg", "created_at": "2025-10-09T07:03:32.213Z", "updated_at": "2025-10-09T07:03:32.213Z"}}, {"model": "product.productimage", "pk": 3, "fields": {"product": 1, "image": "products/img-detail/76.jpg", "created_at": "2025-10-09T07:03:32.218Z", "updated_at": "2025-10-09T07:03:32.218Z"}}, {"model": "product.productimage", "pk": 4, "fields": {"product": 1, "image": "products/img-detail/77.jpg", "created_at": "2025-10-09T07:03:32.222Z", "updated_at": "2025-10-09T07:03:32.222Z"}}, {"model": "product.productimage", "pk": 5, "fields": {"product": 2, "image": "products/img-detail/68.jpg", "created_at": "2025-10-09T12:34:48.813Z", "updated_at": "2025-10-09T12:34:48.813Z"}}, {"model": "product.productimage", "pk": 6, "fields": {"product": 2, "image": "products/img-detail/69.jpg", "created_at": "2025-10-09T12:34:48.820Z", "updated_at": "2025-10-09T12:34:48.820Z"}}, {"model": "product.productimage", "pk": 7, "fields": {"product": 2, "image": "products/img-detail/70.jpg", "created_at": "2025-10-09T12:34:48.828Z", "updated_at": "2025-10-09T12:34:48.828Z"}}, {"model": "product.productimage", "pk": 8, "fields": {"product": 2, "image": "products/img-detail/71.jpg", "created_at": "2025-10-09T12:34:48.834Z", "updated_at": "2025-10-09T12:34:48.834Z"}}, {"model": "product.productimage", "pk": 9, "fields": {"product": 2, "image": "products/img-detail/72.jpg", "created_at": "2025-10-09T12:34:48.840Z", "updated_at": "2025-10-09T12:34:48.840Z"}}, {"model": "product.available", "pk": 4, "fields": {"product": 4, "sale_price": "69.00", "regular_price": "99.00", "barcode": "blue0004", "is_stock": true}}, {"model": "product.available", "pk": 5, "fields": {"product": 5, "sale_price": "69.00", "regular_price": "99.00", "barcode": "blue0005", "is_stock": true}}, {"model": "product.available", "pk": 6, "fields": {"product": 6, "sale_price": "69.00", "regular_price": "100.00", "barcode": "blue0007", "is_stock": true}}, {"model": "product.available", "pk": 7, "fields": {"product": 7, "sale_price": "69.00", "regular_price": "100.00", "barcode": "blue0009", "is_stock": true}}, {"model": "product.available", "pk": 8, "fields": {"product": 8, "sale_price": "69.00", "regular_price": "100.00", "barcode": "blue0010", "is_stock": true}}, {"model": "product.available", "pk": 9, "fields": {"product": 9, "sale_price": "69.00", "regular_price": "100.00", "barcode": "blue0011", "is_stock": true}}, {"model": "product.available", "pk": 10, "fields": {"product": 10, "sale_price": "69.00", "regular_price": "100.00", "barcode": "blue0012", "is_stock": true}}, {"model": "product.available", "pk": 11, "fields": {"product": 1, "sale_price": "100.00", "regular_price": "200.00", "barcode": "blue0003", "is_stock": true}}, {"model": "product.available", "pk": 12, "fields": {"product": 3, "sale_price": "20.00", "regular_price": "15.00", "barcode": "blue0001", "is_stock": true}}, {"model": "product.available", "pk": 13, "fields": {"product": 2, "sale_price": "200.00", "regular_price": "20.00", "barcode": "blue0002", "is_stock": true}}, {"model": "product.availablesize", "pk": 1, "fields": {"product": 1, "available": 11, "weight": 100, "unit": "g", "sale_price": "69.00", "regular_price": "100.00", "barcode": "122", "is_stock": true, "created_at": "2025-10-10T11:12:23.522Z", "updated_at": "2025-10-11T05:31:58.907Z"}}, {"model": "product.availablesize", "pk": 2, "fields": {"product": 1, "available": 11, "weight": 200, "unit": "g", "sale_price": "79.00", "regular_price": "120.00", "barcode": "1223", "is_stock": true, "created_at": "2025-10-10T11:12:45.192Z", "updated_at": "2025-10-11T05:31:58.908Z"}}, {"model": "product.availablesize", "pk": 3, "fields": {"product": 2, "available": 13, "weight": 100, "unit": "g", "sale_price": "20.00", "regular_price": "49.00", "barcode": "1111", "is_stock": true, "created_at": "2025-10-10T14:42:40.430Z", "updated_at": "2025-10-11T05:34:26.525Z"}}, {"model": "product.availablesize", "pk": 4, "fields": {"product": 3, "available": 12, "weight": 500, "unit": "g", "sale_price": "300.00", "regular_price": "400.00", "barcode": "12345", "is_stock": true, "created_at": "2025-10-11T03:39:03.767Z", "updated_at": "2025-10-11T05:34:35.227Z"}}, {"model": "product.review", "pk": 1, "fields": {"product": 1, "rating": 2, "fullname": "fayas", "user": 1, "headline": "", "content": "q", "created_at": "2025-10-10T05:26:25.464Z", "updated_at": "2025-10-10T05:26:25.464Z", "approval": true}}, {"model": "orders.wishlist", "pk": 147, "fields": {"user": 1, "product": 13}}, {"model": "orders.wishlist", "pk": 148, "fields": {"user": 1, "product": 11}}, {"model": "orders.wishlist", "pk": 149, "fields": {"user": 1, "product": 10}}, {"model": "orders.wishlist", "pk": 151, "fields": {"user": 1, "product": 8}}, {"model": "orders.wishlist", "pk": 152, "fields": {"user": 1, "product": 9}}, {"model": "orders.wishlist", "pk": 153, "fields": {"user": 1, "product": 5}}, {"model": "orders.wishlist", "pk": 154, "fields": {"user": 1, "product": 6}}, {"model": "orders.wishlist", "pk": 155, "fields": {"user": 1, "product": 4}}, {"model": "orders.wishlist", "pk": 156, "fields": {"user": 1, "product": 12}}, {"model": "orders.wishlist", "pk": 157, "fields": {"user": 1, "product": 7}}]